<?xml version="1.0" encoding="UTF-8"?>
<Configuration status="info">
    <Appenders>
        <Console name="Console" target="SYSTEM_OUT">
            <PatternLayout pattern="%d{yyyy-MM-dd HH:mm:ss} %-5level %class{36} %L %M - %msg%n"/>
        </Console>

        <File name="FileLogger" fileName="logs/app.log" append="true">
            <PatternLayout pattern="%d{yyyy-MM-dd HH:mm:ss} %-5level %class{36} %L %M - %msg%n"/>
        </File>
    </Appenders>

    <Loggers>
        <Root level="trace">
            <AppenderRef ref="FileLogger"/>
            <AppenderRef ref="Console"/>
        </Root>
    </Loggers>
</Configuration>
