<?xml version='1.0' encoding='utf-8'?>
<!DOCTYPE hibernate-configuration PUBLIC
        "-//Hibernate/Hibernate Configuration DTD 6.0//EN"
        "https://hibernate.org/dtd/hibernate-configuration-6.0.dtd">
<hibernate-configuration>
    <session-factory>

        <property name="hibernate.connection.driver_class">org.sqlite.JDBC</property>
        <property name="hibernate.connection.url">jdbc:sqlite:C:/Users/raulv/OneDrive/Desktop/An 2/Semestrul 2/Medii de Proiectare si Programare/litere.db</property>

        <property name="hibernate.dialect">org.hibernate.community.dialect.SQLiteDialect</property>

        <property name="hibernate.hbm2ddl.auto">update</property>
        <property name="hibernate.show_sql">true</property>

        <mapping class="com.example.litere.domain.Game"/>
        <mapping class="com.example.litere.domain.Player"/>

    </session-factory>
</hibernate-configuration>
